site,log_diam,GTR,GTR_age,forest_age,Ambl_serp,Ambl_subt,Barb_barb,Barb_hatc,Blep_tric,Braa_velu,Brau_eryt,Brau_sale,Bryu_mora,Call_cusp,Caly_inte,Camp_chrys,Camp_somm,Cera_purp,Clim_dend,Dicr_fusc,Dicr_mont,Dicr_poly,Dicr_scop,Eurh_pulc,Fiss_osmu,Hete_dimo,Homa_tric,Hylo_splen,Hypn_ando,Hypn_cupr,Hypn_pall,Isop_pulc,Lopc_hete,Lopc_mino,Lopz_obtu,Lopz_long,Metz_furc,Mniu_stel,Neck_penn,Orth_gymn,Orth_obtu,Orth__spec,Para_long,Plac_aspl,Plac_pore,Plam_cusp,Plat_curv,Plat_dent,Plat_laet,Pleu_schr,Pohl_nut,Ptid_cili,Ptid_pulc,Ptiu_cris,Pyla_poly,Radu_comp,Rhiz_punc,Rhod_rose,Rhyt_triq,Sani_unci,Sciu_oedi,Sciu_popu,Sciu_refl,Sciu_star
2,3.715082518512272,1,12.,0,0,0,0,0,0,0,25.,6.8,0,0,0,0,0,0,0,0,0,0,38.,0,0,0,0,20.,0,0,0,0,0,0,0,2.,0,0,0,0,0.1,22.9,0,0,0,0,0,0,0,5.,0,0,3.,0,0,0,0,0,0,28.,0,0,0,0
2,3.4299810926539824,1,12.,0,0,0,0,0,0,0,0,0,0,0,0,0,0,0,0,0,0,0,101.,0,0,0,0,68.75,0,0,0,0,0,0,0,0,0,0,0,0,0,15.,0,0,0,0,0,0,0,267.5,0,0,12.,0,0,0,0,0,0,159.70000000000002,0,0,11.3,0
2,3.911515919498908,1,12.,0,0,0,0,0,0,0,0,734.5,0,0,0,0,66.,6.,15.,0,0,0,0,60.,0,0,0,10.,0,0,0,0,0,0,0,0,0,0,0,0,0,0,0,0,0,0,0,0,0,3.,0,0,0,0,0,0,0,0,0,66.,0,0,0,0
2,4.0647562669920205,1,12.,0,0,0,0,0,0,0,0,24.6,0,0,0,0,0,0,0,0,0,0,0,0,0,0,0,0,0,34.,0,0,0,0,0,0,0,0,0,0,0,0.5,0,0,0,88.4,0,0,0,0,0,0,0,0,489.,0,0,0,190.,18.,16.,0,0,0
2,3.103765356199959,1,12.,0,0,0,0,0,0,0,0,0,0,0,0,0,0,0,0,0,0,0,6.,0,0,0,0,344.,0,0,0,0,0,0,0,0,0,0,0,0,0,2.,0,0,0,87.5,0,0,0,0,0,0,21.,0,63.75,0,0,0,0,32.,1.,0,22.,0
2,2.767293119578746,1,12.,0,0,0,0,0,0,0,0,0,0,0,0,0,0,0,0,0,0,0,16.,0,0,0,0,147.,0,0,0,0,0,0,0,0,0,0,0,0,0,0,0,0,0,0,0,0,0,0,0,0,45.,0,0,0,0,0,0,8.,1.,0,5.,5.
2,2.7264711250584908,1,12.,0,0,0,0,0,0,0,0,17.,0,0,0,0,0,0,0,0,0,0,0,0,0,0,0,0,0,0,0,0,0,0,0,0,0,0,0,0,0,0,0,0,0,0,0,0,0,57.,0,0,0,0,0,0,0,0,0,56.,0,0,353.,0
2,3.942866449382984,1,12.,0,0,0,0,0,0,100.8,0,99.2,0,0,0,0,0,0,0,0,0,0,7.,0,0,0,0,1357.,0,3.,0,0,0,0,0,0,0,0,0,0,2.1,2.4,0,0,0,0,0,0,0,0,0,0,35.,0,0,6.,0,0,0,40.,0,0,0,0
2,3.3326069286288065,1,12.,0,0,0,0,0,0,0,0,0,0,0,0,0,0,0,0,0,0,0,30.,0,0,0,0,0,0,0,0,0,0,0,0,0,0,0,0,0,0,2.5,0,0,0,184.5,0,5.,0,12.,0,0,0,0,126.4,0,0,56.,0,116.,0,0,0,0
2,3.45038996428519,1,12.,0,0,0,0,0,0,0,0,0,0,0,0,0,0,0,0,0,0,0,0,0,0,0,0,290.,0,0,0,0,0,0,0,0,0,0,0,0,24.,24.,0,0,0,322.40000000000003,0,0,0,0,0,0,0,0,752.5,0,0,0,0,222.5,0,0,0,0
5,3.767924999886652,1,16.,0,0,0,0,0,0,0,0,186.6,0,0,0,0,36.,0,0,0,0,0,8.,0,0,0,0,0,0,0,0,0,3.,0,0,0,0,0,0,0,0,21.,0,0,0,0,0,0,0,0,0,0,0,0,24.,16.,0,0,0,557.2,0,0,3.,0
5,2.5688421808549076,1,16.,0,0,0,0,0,0,0,0,0,0,0,0,0,0,0,0,0,0,0,0,0,0,0,0,0,0,0,0,0,17.2,0,0,0,0,0,0,0,74.,1.,0,0,0,4.,0,0,0,0,0,0,0,0,16.2,0,0,0,0,117.2,3.6,0,93.,0
5,3.707300378070217,1,16.,0,0,0,0,0,0,0,0,106.16,0,0,0,0,245.70000000000002,0,0,0,0,0,15.,0,0,0,0,0,0,0,0,0,0,0,0,0,0,0,0,0,6.,2.,0,0,0,204.8,0,0,0,3.,0,0,0,0,20.,0,0,0,0,1347.6,0,0,0,0
5,3.1990755360042837,1,16.,0,0,0,0,0,0,0,0,8.4,0,0,0,0,0,0,0,0,0,0,8.,0,0,0,0,8.,0,0,0,0,0,0,0,0,0,0,0,0,0.5,0,0,0,0,636.,0,0,0,0,0,0,77.7,0,0,0,0,0,0,7.,3.6,0,9.,0
5,2.6164702298441624,1,16.,0,0,0,0,0,0,0,6.,212.6,3.,0,0,0,0,0,0,0,0,0,0,0,0,0,0,400.,0,0,0,0,8.,0,0,0,0,0,0,0,1.,0,0,0,0,6.,0,16.5,0,0,2.,0,0,0,3.,0,0,0,0,566.,61.9,0,45.,0
5,3.2979213706409163,1,16.,0,0,0,77.,0,0,0,0,8.32,0,0,0,0,0,0,0,0,0,0,28.8,0,0,0,0,0,0,0,0,0,0,0,0,0,0,0,0,0,0,0,0,0,0,0,0,0,0,0,0,0,133.8,0,0,0,0,0,0,324.,0,0,35.44,8.64
5,4.163537811551804,1,16.,0,1.,0,0,0,0,0,2.5,552.9,78.,0,0,0,656.,0,0,0,0,0,0,0,0,0,0,20.,0,12.,0,0,0,0,0,0,0,0,0,0,0,0,0,0,0,1591.,0,0,0,20.,0,0,0,0,1602.9,0,0,0,0,382.,0,60.,0,0
5,4.168476093192387,1,16.,0,1281.15,0,0,0,0,0,0,884.15,0,0,0,0,0,0,0,0,0,0,4.,0,0,0,0,516.,0,0,0,0,0,4.,0,0,0,0,0,0,81.,17.,0,0,0,258.4,0,0,0,0,0,0,0,0,1035.,0,0,0,0,1207.,0,0,115.2,0
6,3.460440300138691,1,8.,0,0,0,2.,0,0,0,0,1.5,0,0,0,0,0,0,0,0,0,0,42.,0,0,0,0,30.,0,0,0,0,0,0,0,0,0,0,0,0,0,0,0,0,0,0,0,3.5,0,4.,0,0,4.,0,0,0,0,0,0,15.,0,0,3.,13.5
6,2.966143978323911,1,8.,0,0,0,0,0,0,0,0,10.,0,0,0,0,7.,0,0,0,0,0,0,0,0,0,0,0,0,0,0,0,0,0,0,0,0,0,0,0,0,1.,0,0,0,0,0,0,0,1.,0,0,0,0,0,0,0,3.,0,18.,0,0,0,0
6,2.381630638766761,1,8.,0,0,0,0,0,0,0,0,18.6,0,0,0,0,0,0,0,0,0,0,0,0,0,0,0,16.,0,0,0,0,2.,0,0,0,0,0,0,0,0,0,0,0,0,0,0,0,0,0,0,0,0,0,0,0,0,0,0,5.4,0,0,0,2.
6,3.4899991023802355,1,8.,0,0,0,0,0,0,0,0,57.5,0,0,0,0,0,6.9,0,0,0,0,0,0,0,0,0,0,0,0,0,0,0,0,0,0,0,0,0,0,6.,1.,0,0,0,0,0,0,0,35.,2.1,0,34.4,0,0,0,0,0,0,8.,0,0,0,0
6,3.131936233166655,1,8.,0,0,0,0,0,0,0,0,172.5,28.,0,0,0,67.5,0,0,0,0,0,60.,0,0,0,22.,0,0,0,0,0,0,0,0,0,0,0,0,0,1.,0,0,0,0,61.,0,0,0,6.,0,0,0,0,0,0,0,0,0,42.,0,0,0,0
6,3.274110721947198,1,8.,0,0,0,0,0,0,0,0,8.,0,0,0,0,0,0,0,0,0,0,0,0,0,0,0,18.,0,0,0,0,0,0,1.,0,0,0,0,0,0,0,0,0,0,0,0,0,0,191.2,0,0,0,0,0,0,0,0,0,756.4,0,0,0,0
3,3.518709208262667,1,11.,0,0,0,0,0,0,0,0,0,0,0,0,0,0,0,0,0,0,0,0,0,0,0,0,304.,0,0,0,0,0,0,0,0,0,0,0,0,0.5,0,0,0,0,227.,0,0,0,0,0,0,0,0,0,301.7,0,0,0,170.,0,0,0,0
3,3.0141531975102716,1,11.,0,0,0,0,0,0,0,0,549.,0,0,0,0,0,0,0,0,0,0,0,0,0,0,0,0,0,0,0,0,0,0,0,0,0,0,0,0,0,0,0,0,0,0,0,0,0,0,0,0,0,0,0,0,0,0,0,141.,0,0,225.,0
3,2.7470904122612265,1,11.,0,0,0,0,0,0,0,0,4.8,0,0,0,0,4.875,0,0,0,0,0,5.,0,0,0,0,0,0,0,0,0,0,0,0,0,0,0,0,0,0,0,0,0,0,0,0,0,0,0,0,0,0,0,0,0,0,0,0,586.2,13.3,0,60.9,19.5
3,2.7054177158606585,1,11.,0,0,0,0,0,0,0,0,62.8,0,0,0,0,0,0,0,0,0,0,0,0,0,0,0,0,0,0,0,0,1.,0,0,0,0,0,0,0,0,0,0,0,0,2.,0,0,0,0,0,0,0,0,0,0,0,0,0,29.6,48.1,0,86.4,21.6
3,3.059962733541566,1,11.,0,0,0,0,0,0,0,0,199.2,0,0,0,0,3.3,0,0,0,0,0,0,0,0,0,0,0,0,0,0,0,0,0,0,0,0,0,0,0,0,3.5,0,0,0,0,0,0,0,16.,0,0,0,0,0,0,0,0,0,215.3,0,0,225.7,0
3,3.6755516797556367,1,11.,0,0,0,0,0,0,46.,0,29.,0,0,0,0,185.2,0,0,0,0,0,40.,0,0,0,0,10.,0,0,0,0,0,0,0,0,0,0,0,0,0,0.5,0,0,0,0,0,0,0,12.,0,0,0,0,7.,0,0,0,0,206.4,0,0,155.4,184.
3,3.892222716564229,1,11.,0,0,0,0,0,0,0,5.4,0,0,0,0,0,0,0,0,0,0,0,0,0,0,0,0,0,0,0,0,0,0,0,0,0,0,0,0,0,4.,0,0,0,0,1010.,0,0,0,96.,0,0,0,0,0,0,0,0,0,326.6,0,0,0,0
3,3.7380720367369706,1,11.,0,0,0,0,0,0,34.,208.8,104.4,0,0,0,0,0,0,0,0,0,0,8.,0,0,0,0,0,0,0,0,0,0,0,0,0,0,0,0,0,35.,11.,0,0,0,0,0,0,0,0,0,0,8.,0,3.,0,0,0,0,271.8,4.2,0,16.8,0
4,3.528098948612506,1,2.,0,30.,0,0,0,0,0,0,1.,0,0,0,0,0,0,0,0,0,0,2.,0,0,0,0,10.,0,1.,0,0,0,0,0,0,0,0,0,0,1.,17.,0,0,0,683.5,0,0,0,0,0,0,0,0,0,0,0,0,0,25.,0,0,0,0
4,3.2247179666176216,1,2.,0,0,0,0,0,0,0,0,0,0,0,0,0,0,0,0,0,0,0,0,0,0,0,0,1500.,0,0,0,0,0,0,0,0,0,0,0,0,0,5.,0,0,0,487.2,0,0,0,0,0,0,0,0,0,0,0,0,0,10.,0,0,136.,0
4,3.36612962066745,1,2.,0,0,0,0,0,0,0,0,0,0,0,0,0,0,0,0,0,0,0,0,0,0,0,0,114.,0,7.,0,0,0,0,0,0,0,0,0,0,17.5,16.5,0,0,0,1197.,0,0,0,0,0,0,0,0,5.,0,0,0,0,0,0,0,0,0
4,2.4928562738769857,1,2.,0,0.5,0,0,0,0,0,0,78.,0,0,0,0,0,0,0,0,0,0,9.,0,0,0,0,0,0,0,0,0,0,0,0,0,0,0,0,0,0,0,0,0,0,0,0,0,0,0,0,0,0,0,3.,0,0,0,0,63.,0,0,0,0
4,3.60020224251385,1,2.,0,0,0,0,5.,0,0,100.,7.5,8.,0,0,0,0,0,0,0,0,0,0,0,0,0,0,0,0,7.5,0,0,0,0,0,0,0,0,0,0,0.4,2.6,0,0,0,10.,0,0,0,0,0,0,0,0,129.6,0,0,0,0,14.4,0,0,0,0
4,2.6619326039209197,1,2.,0,0,0,0,0,0,0,0,54.52,0,0,0,0,0,0,0,0,0,0,2.,0,0,0,0,10.,0,0,0,0,0,0,0,0,0,0,0,0,0,0,0,0,0,22.,0,0,0,1.,0,0,0,0,0,0,0,0,0,144.8,0,0,0,0
7,3.1593352073547694,1,9.,0,0,0,0,0,0,0,0,197.,0,0,0,0,0,12.,0,0,0,0,0,0,0,0,0,0,0,0,0,0,0,0,0,0,0,0,0,0,0,0,0,0,0,0,0,0,0,208.,0,0,0,0,0,0,0,0,0,503.,0,0,0,0
7,3.5914685625450953,1,9.,0,0,0,0,0,0,0,0,4.4,0,0,0,0,0,0,0,0,0,0,15.,0,0,0,0,1020.,0,0,0,0,0,0,0,0,0,0,0,0,0,0,0,0,0,0,0,0,0,0,0,0,0,0,0,0,0,0,0,1487.,5.5,0,78.5,0
7,2.639459748068861,1,9.,0,0,0,0,0,0,0,0,32.,0,0,0,0,0.9,0,0,0,0,0,0,0,0,0,0,3.,0,0,0,0,11.,0,0,0,0,0,0,0,0,3.,0,0,0,0,0,0,0,1.,0,0,0,0,0,0,0,0,0,425.1,11.7,0,6.3,256.
7,2.8255620277027216,1,9.,0,0,0,0,0,0,0,0,50.4,20.,0,0,0,0,0,0,0,0,0,132.,0,0,0,0,546.,0,0,0,0,0,0,0,0,0,0,0,0,0,0,0,0,0,0,0,0,0,0,0,0,0,0,0,0,0,0,0,293.6,0,0,0,0
7,3.440237592821172,1,9.,0,0,0,0,0,0,0,0,536.,0,0,0,0,0,6.,0,0,0,0,52.,0,0,0,0,0,0,0,0,0,0,0,0,0,0,0,0,0,0,0,0,0,0,0,0,0,0,20.,7.,0,0,0,0,0,0,0,0,323.,48.7,0,0,0
7,3.355079784480865,1,9.,0,3.6,0,0,0,0,0,0,0,161.,0,0,0,0,90.00000000000001,0,0,0,0,15.,0,0,0,0,10.,0,0,0,0,9.,0,0,0,0,0,0,0,0,0,0,0,0,0,0,3.,0,1.,0,0,0,0,0,0,0,0,0,94.8,6.4,0,10.4,0
11,3.6088603052569646,1,2.,0,7.2,0,0,0,0,0.8,0,34.,0,0,0,0,79.4,0,0,0,0,0,0,0,0,0,0,0,0,0,0,0,0,0,0,0,0,0,0,6.,19.,0,0,0,0,17.,0,0,0,0,0,0,0,0,0,0,0,0,0,10.,0,0,0,1.1
11,3.642761856932646,1,2.,0,6.,0,0,0,0,33.,0,0,0,0,0,0,0,0,0,0,0,0,33.,0,0,0,0,80.,0,0,0,0,0,0,0,0,0,0,0,0,6.4,7.6,0,0,0,0,0,0,0,0,0,0,0,0,0,0,0,0,0,4.,0,0,0,0
11,3.7380720367369706,1,2.,0,0,0,0,0,0,0,0,0,0,0,0,0,0,0,0,0,0,0,0,0,0,0,0,65.,0,0,0,0,0,0,0,0,0,0,0,0,14.,5.,0,0,0,0,0,0,0,0,0,0,0,0,0,0,0,0,0,0,0,0,0,0
11,3.7380720367369706,1,2.,0,31.2,0,0,0,0,0,0,8.,0,0,0,0,0,0,0,0,0,0,6.,0,0,0,0,240.,0,0,0,0,0,0,0,0,0,0,0,0,0,1.,0,0,0,3.,0,0,0,0,0,0,0,0,0,0,0,0,0,11.,0,0,0,0
11,3.3211782328051838,1,2.,0,0,0,0,0,0,0,0,24.,0,0,0,0,7.,0,0,0,0,0,15.,0,0,0,0,300.,0,0,0,0,0,0,0,0,0,0,0,0,0,0,0,0,0,0,0,0,0,0,0,0,0,0,93.,0,0,0,0,0,1.,0,0,0
11,3.261989361414853,1,2.,0,0,0,0,0,0,144.,0,0,0,0,0,0,0,0,0,0,0,0,0,0,0,0,0,800.,0,0,0,0,0,0,0,0,0,0,0,0,1.8,17.2,0,0,0,0,0,0,0,0,0,0,0,0,0,0,0,0,0,15.5,0,0,0,0
11,2.8255620277027216,1,2.,0,0,0,0,0,0,0,0,43.8,0,0,0,0,0,0,0,0,0,0,4.,0,0,0,0,310.,0,0,0,0,0,0,0,0,0,0,0,0,0.3,7.7,0,0,0,0,0,0,0,0,0,0,0,0,0,0,0,0,0,48.,0,0,0,0
11,2.966143978323911,1,2.,0,0,0,0,0,0,0,0,7.,0,0,0,0,0,0,0,0,0,0,0,0,0,0,0,550.,0,0,0,0,0,0,0,0,0,0,0,0,0,0.5,0,0,0,0,0,0,0,0,0,0,0,0,0,0,0,0,0,9.,0,0,0,0
14,3.4996610132919725,1,6.,0,0,0,0,0,0,21.6,0,45.5,0,0,0,0,0,0,0,0,0,0,0,0,0,0,0,520.,0,0,0,0,0,0,0,0,0,0,0,0.75,0,0,0,0,0,0,0,0,0,3.,0,0,0,0,0,0,0,0,0,52.,0,0,225.9,0
14,3.528098948612506,1,6.,0,0,0,0,0,0,0,0,45.,0,0,0,0,0,0,0,0,0,0,0,0,0,0,0,980.,0,0,0,0,10.,0,0,0,0,0,0,0,0.5,0,0,0,0,0,0,0,0,0,0,0,0,0,0,0,6.,0,0,4320.,0,0,0,0
14,3.1593352073547694,1,6.,0,0,0,0,0,0,1.,0,7.8,0,0,0,0,0,0,0,0,0,0,62.,0,0,0,0,94.,0,0,0,0,9.1,0,0,0,0,0,0,0,3.6,2.4,0,0,0,0,0,0,0,0,0,0,24.9,0,0,0,0,0,0,1576.8,0,0,20.400000000000002,0
14,2.7054177158606585,1,6.,0,0,0,0,0,0,0,0,0,0,0,1.,0,0,0,0,0,0,0,59.,0,0,0,0,350.,0,0,0,0,0,0,0,0,0,0,0,0,0,0,0,0,0,0,0,9.,0,0,0,0,199.,0,0,0,0,0,0,44.,0,0,1.2,3.8
14,3.274110721947198,1,6.,0,0,0,0,0,0,22.,0,0,0,0,0,0,0,0,0,0,0,0,6.,0,0,0,0,1944.,0,0,0,0,0,0,0,0,0,0,0,0,1.6,41.4,0,0,0,0,0,0,0,6.,0,0,3.,0,0,0,0,0,0,94.,0,0,0,0
14,3.6994572006091913,1,6.,0,0,0,0,0,0,0,0,14.,0,0,0,0,0,0,0,0,0,0,345.,0,0,0,0,1600.,0,0,0,0,0,0,0,0,0,0,0,0,7.2,1.8,0,0,0,0,0,0,0,14.,0,0,61.1,0,79.8,0,0,0,0,260.,0,0,0,0
14,3.753109914101511,1,6.,0,0,0,0,0,0,0,0,9.8,0,0,0,0,0,0,0,0,0,0,0,0,0,0,0,20.,0,0,0,0,0,0,0,0,0,0,0,0,28.,7.,0,0,0,0,0,0,0,0,0,0,0,0,139.20000000000002,0,0,0,250.5,129.6,0,0,0,0
14,2.966143978323911,1,6.,0,0,0,0,0,0,0,0,5.,0,0,0,0,0,0,0,0,0,0,12.,0,0,0,0,60.,0,0,0,0,0,0,0,0,0,0,0,0,0,0,0,0,0,0,0,0,0,9.,0,0,0,0,0,0,0,0,0,430.,0,0,153.6,38.4
13,3.7752510399787247,1,3.,0,0,0,0,0,0,0,0,0,24.,0,0,0,88.35,0,15.,0,0,0,32.,0,0,0,0,1650.,0,30.,0,0,0,0,0,0,0,0,0,0,46.7,3.3,0,0,0,0,0,0,0,2.,0,0,0,0,35.,0,0,0,0,65.,0,0,0,0
13,3.8725499509655243,1,3.,0,43.5,0,0,0,0,0,0,0,6.,0,0,0,0,0,0,0,0,0,0,0,0,0,0,122.5,0,8.,0,0,16.5,0,0,0,0,0,0,0,44.,7.,0,0,0,0,0,0,0,0,0,0,0,0,214.3,0,0,0,0,2.,0,0,0,0
13,3.6088603052569646,1,3.,0,21.6,0,0,0,0,0,0,13.,0,0,0,0,0,0,0,0,0,0,0,0,0,0,0,411.,0,0,0,0,0,0,0,0,0,0,0,0,0,1.,0,0,0,0,0,0,0,0,0,0,0,0,133.2,0,0,0,1680.,0,0,0,0,2.4
13,3.4899991023802355,1,3.,0,0,0,0,0,0,0,0,0,0,0,0,0,0,0,0,0,0,0,0,0,0,0,0,830.,0,0,0,0,0,0,0,0,0,0,0,0,0,0,0,0,0,0,0,0,0,0,0,0,0,0,11.4,0,0,0,0,12.8,0,0,0,1.
13,3.36612962066745,1,3.,0,0,0,0,0,0,0,0,0,0,0,0,0,0,0,0,0,0,0,14.,0,0,0,0,811.2,0,0,0,0,0,0,0,0,0,0,0,0,23.,0,0,0,0,0,0,0,0,0,0,0,0,0,0,0,0,0,0,7.,0,0,0,0
13,3.2860869129939134,1,3.,0,0,0,0,0,0,0,0,106.15,0,0,0,0,0,0,0,0,0,0,0,0,0,0,0,840.,0,0,0,0,0,0,0,0,0,0,0,0,0,0,0,0,0,22.,0,0,0,0,0,0,0,0,0,0,0,0,0,300.,0,0,0,0
12,3.7897440472812916,1,8.,0,0,0,0,0,0,0,0,598.2,0,0,0,0,0,0,0,0,0,0,3.,0,0,0,0,0,0,2.,0,0,0,0,0,0,0,0,0,0,0,0,0,0,0,2.,0,0,0,0,0,0,0,0,15.,0,2.,0,0,1620.,0,0,1354.8,0
12,3.36612962066745,1,8.,0,0,0,0,0,0,0,0,284.40000000000003,0,0,0,0,0,0,0,0,0,0,3.,0,0,0,0,80.,0,0,0,0,0,0,0,0,0,0,0,0,190.298,33.582,0,0,0,0,0,0,0,0,0,0,0,0,0,0,0,0,0,1005.15,31.6,0,217.,0
12,3.274110721947198,1,8.,0,0,0,0,0,0,0,0,16.,2.,0,0,0,0,0,0,0,0,0,6.,0,0,0,0,52.,0,0,0,0,0,0,0,0,0,0,0,0,50.,0,0,0,0,0,0,4.,0,0,0,5.,18.,0,0,0,0,0,0,42.,0,0,266.4,21.6
12,2.9328075580563193,1,8.,0,0,0,0,0,0,0,0,0,0,0,0,0,0,0,0,0,0,0,100.,0,0,0,0,0,0,0,0,0,0.5,0,0,0,0,0,0,0,0,0,0,0,0,0,0,0,2.,161.,0,0,26.25,0,0,0,0,0,0,0,47.4,0,0,12.6
12,2.8983213819851503,1,8.,0,0,0,0,0,0,0,0,5.6,0,0,0,0,0,0,0,0,0,0,45.,0,0,0,0,14.,0,0,0,0,0.5,0,0,0,0,0,0,0,2.,0,0,0,0,0,0,0,0,0,0,0,0,0,0,0,0,0,0,2780.,18.3,0,23.1,0
12,3.4802429274348707,1,8.,0,0,0,0,0,0,0,0,27.2,0,0,0,0,0,0,0,0,0,0,0,0,0,0,0,330.,0.5,0,0,0,93.,0,0,0,0,0,0,0,1.,2.,0,0,0,0,0,0,0,0,9.,0,0,0,115.5,0,0,0,0,193.8,93.5,0,0,0
9,4.091712076980549,1,27.,0,0,0,0,0,0,0,0,419.55,0,0,0,0,0,0,0,0,0,0,198.,0,0,0,0,62.,0,0,0,0,0,0,0,0,0,0,0,0,0,0,0,0,0,0,12.6,5.4,0,27.,0,0,332.,0,20.,0,0,0,0,115.4,0,0,207.95,0
9,3.5374013412748195,1,27.,0,0,0,0,0,0,0,0,629.5,0,0,0,0,0,0,0,0,0,0,0,0,0,0,0,0,0,99.6,0,0,0,0,0,0,0,0,0,0,24.,12.,0,0,0,0,0,0,0,0,0,0,0,0,68.2,0,0,0,0,808.8,2.,0,0,0
9,3.103765356199959,1,27.,0,364.32,0,0,0,0,0,0,303.5,0,0,0,0,0,0,0,0,0,0,0,0,0,0,0,0,0,0,0,0,0.5,0,0,0,0,0,0,0,1.2,4.8,0,0,0,0,0,0,0,0,0,0,0,0,0,0,0,0,0,180.,0,0,184.5,0
9,3.3439064838827397,1,27.,0,120.,0,0,0,0,0,0,499.2,0,0,0,0,0,0,0,0,0,0,0,0,0,0,0,52.,0,0,0,0,1.,0,0,0,0,0,0,0,24.,4.,0,0,0,0,0,0,0,0,0,0,0,0,60.,0,0.5,0,0,1199.2,0,15.6,1038.,0
9,2.844254160714874,1,27.,0,7.,0,0,0,0,0,0,0,0,0,0,0,0,0,0,0,0,0,0,0,0,0,0,0,0,0,0,0,0,0,0,0,0,0,0,0,5.6,2.4,0,0,0,0,0,0,0,0,0,0,0,0,0,0,0,0,0,387.6,86.4,0,28.,0
9,4.27137051635502,1,27.,0,136.4,0,0,0,0,6.,69.7,280.5,0,0,0,0,682.75,0,0,0,0,0,12.,0,0,0,0,32.,204.6,136.4,0,0,0,0,82.,0,0,0,0,0,0,0.5,0,0,0,836.,0,0,0,12.,0,0,0,0,331.,451.,0,0,0,3065.9,3.75,0,0,0
9,2.7264711250584908,1,27.,0,0.8,0,0,0,0,0,0,0,0,0,0,0,0,0,0,0,0,0,2.,0,0,0,0,0,0,0,0,0,36.,0,0,0,0,0,0,0,23.,0.5,0,0,0,0,0,2.,0,0,0,0,0,0,7.,0,0,0,0,240.8,125.2,0,0,0
9,4.153587480698636,1,27.,0,0,0,0,0,0,0,0,834.2,0,0,0,0,0,0,0,5.,0,0,19.,0,0,0,0,132.,0,0,0,0,5.,0,0,1.,0,0,0,0,0,0,0,0,0,0,0,0,7.,0,0.5,0,50.,0,0,0,0,0,0,2588.2000000000003,172.92,0,915.26,1.
8,4.031419846724429,1,2.,0,0,0,0,0,0,0,0,21.,0,0,0,0,0,0,0,0,0,0,0,0,0,0,0,600.,0,0,0,0,0,0,0,0,0,0,0,0,3.,0,0,0,0,0,0,0,0,0,0,0,0,0,0,0,0,0,0,255.8,0,54.,0,2.8
8,3.845702700929336,1,2.,0,5.6,0,0,0,0,44.8,0,56.7,0,0,0,0,0,0,0,0,0,0,0,0,0,0,0,64.,0,0,0,0,0,0,0,0,0,0,0,0,3.,20.,0,0,0,0,0,0,0,8.,0,0,0,0,2.,0,0,0,0,1139.8,0,0,0,0
8,2.639459748068861,1,2.,0,5.28,0,0,0,0,0,0,98.88,0,0,0,0,1.,0,0,0,0,0,3.,0,0,0,0,0,0,0,0,0,0.5,0,0,0,0,0,0,0,0,0,0,0,0,0,0,0,0,2.,0,0,0,0,0,0,0,0,0,65.6,1.6,0,15.84,22.4
8,3.1593352073547694,1,2.,0,0,0,0,0,0,0,0,5.,0,0,0,0,0,0,0,0,0,0,0,0,0,0,0,322.,0,0,0,0,0,0,0,0,0,0,0,0,0,0,0,0,0,0,0,0,0,0,0,0,0,0,0,0,0,0,0,6.,0,0,0,0
8,3.460440300138691,1,2.,0,0,0,0,0,0,6.,0,107.2,0,0,0,0,2.,0,0,0,0,0,2.,0,0,0,0,216.,0,17.5,0,0,0,0,0,0,0,0,0,0,0,0,0,0,0,0,0,0,0,0,0,0,0,0,0,0,0,0,0,88.8,0,7.,32.,0
8,3.6994572006091913,1,2.,0,4.5,0,0,0,0,0,0,0,0,0,0,0,0.5,0,0,0,0,0,1.,0,0,0,0,80.,0,0,0,0,0,0,0,0,0,0,0,0,0,3.,0,0,0,2.,0,0,0,0,0,0,0,0,60.,1.5,0,0,0,42.,0,0,2.5,1.5
10,4.117960303055486,1,30.,0,0,0,0,0,0,47.15,14.7,75.,5.5,0,0,0,0,0,202.,0,0,0,9.,0,0,0,0,64.,0,134.1,0,0,4.,0,0,0,0,0,0,0,0,0,0,0,0,15.,0,0.5,0,29.,0,0,39.,0,0,0,0,0,0,4475.,34.4,0,22.5,0
10,3.879150634996876,1,30.,0,0,0,0,0,0,1.2,0,1035.6,0,0,0,0,25.2,0,0,0,0,0,300.,0,0,0,0,88.,0,0,0,0,2.,0,0,0,0,0,0,0,0,69.5,0,0,0,6.,0,0,0,82.,0,0,29.,0,88.,0,0,0,0,364.2,37.800000000000004,0,66.,0
10,3.059962733541566,1,30.,0,6.375,0,0,0,0,0,0,168.2,0,0,0,0,104.,0,0,0,0,0,0,0,0,0,0,1050.,0,0,0,0,0,0,0,0,0,0,0,0,6.,15.,0,0,0,0,0,0,0,0,0,0,0,0,0,0,0,0,0,150.,0,0,0,0
10,3.4703906309918593,1,30.,0,24.,0,0,0,0,0,0,355.7,266.,0,0,0,24.9,0,0,0,0,0,0,0,0,0,0,0,0,0,0,0,0,0,0,0,0,0,0,0,1.,31.,0,0,0,0,0,0,0,0,0,0,0,0,0,0,0,0,2400.,242.6,0,0,49.8,0
10,2.6164702298441624,1,30.,0,0,0,0,0,0,0,0,0,0,0,0,0,0,0,0,0,0,0,6.,0,0,0,0,0,0,0,0,0,0,0,0,0,0,0,0,0,0.6,1.4,0,0,0,0,0,0,0,8.,0,0,0,0,0,0,0,0,0,64.4,1.2,0,416.,0
10,3.17275822768691,1,30.,0,0,0,0,0,0,0,0,0,0,0,0,0,0,0,0,0,0,83.4,55.6,0,0,0,0,0,0,0,0,0,1.,0,0,0,0,0,0,0,0,2.,0,0,0,0,0,0,8.,270.,0,43.2,43.2,0,0,0,0,0,0,588.,40.,0,89.4,0
10,3.5737689854456947,1,30.,0,0,0,0,0,0,0,27.4,0.9,7.,0,0,0,7.2,0,0,0,0,0,1.,0,0,0,0,1594.,0,0,0,0,2.,0,0,4.,0,0,0,0,0.25,2.25,0,0,0,0,0,0,0,0,0,0,11.,0,10.,11.,0,0,0,1232.5,9.,0,0,0
10,3.715082518512272,1,30.,0,0,0,0,0,0,0,0,5.,0,0,0,0,36.,0,0,3.,0,0,19.,0,0,0,0,632.,0,0,0,0,0,0,0,0,0,0,0,0,0,0,0,0,0,0,0,0,0,540.,1.,0,22.,0,0,3.,0,0,0,41.,6.,0,8.8,13.2
10,4.128269672714347,1,30.,0,0,198.,0,0,0,1154.16,0,930.66,0,0,0,0,244.,0,2.,0,0,0,45.,0,0,0,0,352.4,0,6.,0,0,0,0,0,0,0,0,0,0,0,2.,0,0,0,0,0,5.,0,0,1.,0,11.,0,32.,620.,0,0,0,754.38,0.5,0,158.98,0
10,3.99693367065326,1,30.,0,0,0,0,0,0,0,0,0,0,0,0,0,0,0,0,0,6.,0,110.,0,0,0,0,1650.,0,48.,0,0,0,0,0,0,0,0,0,0,0,2.,0,0,0,0,0,0,0,310.,1.,0,44.,0,4.,25.,0,0,0,544.,0,700.2,486.4,0
1,3.6343936072621292,1,5.,0,0,0,0,0,0,0,0,148.,0,0,0,0,0,0,0,0,0,0,0,0,0,0,0,0,0,0,0,0,0,0,0,0,0,0,0,0,3.,0,0,0,0,112.,0,0,0,4.,0,0,0,0,0,0,0,0,0,562.4,0,0,107.98,40.32
1,3.103765356199959,1,5.,0,0,0,0,0,0,0,0,191.6,0,0,0,0,0,0,0,0,0,0,0,0,0,0,0,0,0,0,0,0,0,0,0,0,0,0,0,0,12.84,9.06,0,0,0,0,0,0,0,0,0,0,0,0,0,0,0,0,0,210.,76.8,0,320.6,0
1,3.36612962066745,1,5.,0,0,0,0,0,2.6,0,0,104.4,0,0,0,0,0,0,0,0,0,0,12.,0,0,0,0,194.,0,0,0,0,23.4,0,0,0,0,0,0,0,0,0,0,0,0,0,0,72.,0,0,0,0,0,0,0,0,0,0,0,633.2,0,0,224.,0
1,2.5188317602802464,1,5.,0,0,0,0,0,0,0,0,0,0,0,0,0,0,0,0,0,0,0,0,0,0,0,0,0,0,0,0,0,0,0,0,0,0,0,0,0,0,0,0,0,0,0,0,0,0,0,0,0,0,0,0,0,0,0,0,0,9.6,0,0,2.4
1,3.509230464308123,1,5.,0,0,0,0,0,0,74.56,0,173.76,0,0,0,0,0,0,0,0,0,0,9.,0,13.,0,0,365.,0,0,0,0,7.,0,0,0,0,0,0,0,0,0,0,0,0,0,0,1.,0,0,0,0,0,0,0,0,0,0,3.,2044.3,0,0,63.82,23.16
1,2.966143978323911,1,5.,0,5.4,0,0,0,0,0,0,0,0,0,0,0,0,0,0,0,0,0,12.,0,0,0,0,0,0,0,0,0,0,0,0,0,0,0,0,0,0,1.,0,0,0,0,0,15.,0,4.,0,0,13.2,0,0,0,0,0,0,117.9,0,0,76.5,0
19,4.207128247626667,0,0,110.,0,0,0,0,0,0,0,273.,7.,0,0,0,320.,0,0,0,0,0,6.6,0,0,0,0,1032.,0,0,0,0,37.,0,0,18.,0,0,0,0,0,3.,15.4,0,0,0,0,0,0,0,0,0,368.,0,30.,0,0,0,0,1492.,0,0,0.5,8.
19,3.859216420096059,0,0,110.,8.,0,0,0,0,13.,0,26.,0,0,0,0,28.,0,0,0,0,0,1.,0,0,0,0,3220.6,0,10.4,0,0,18.,0,0,0,0,0,0,0,0,4.,0,0,0,22.,0,0,0,0,0,0,0,0,12.,30.,0,0,0,1338.8,27.6,0,0,0
19,3.8250834137266003,0,0,110.,1.,0,0,0,0,309.40000000000003,0,334.29,18.,0,0,0,360.7,0,0,0,0,0,10.,0,0,0,0,0,0,0,0,0,1.,0,0,0,0,0,0,0,0,26.,0,0,0,100.,0,0,0,0,0,0,0,0,205.,39.,0,0,0,620.8000000000001,0,0,0,0
19,3.0893766187478593,0,0,110.,0,0,0,0,0,0,0,55.,0,0,0,0,0,0,0,0,0,0,0,0,0,0,0,450.,0,0,0,0,0,0,0,0,0,0,0,0,0,17.,0,0,0,0,0,0,0,0,0,0,0,0,354.,0,0,0,0,757.,0,0,0,0
19,2.8255620277027216,0,0,110.,0,0,0,0,0,28.,0,0,0,0,0,0,0,0,0,0,0,0,96.,0,0,0,0,640.,0,0,0,0,0,0,0,0,0,0,0,0,0,3.,0,0,0,0,0,0,0,0,0,0,193.,0,71.,0,0,0,0,210.8,10.,0,42.,0
19,3.3211782328051838,0,0,110.,0,0,0,0,0,0,0,0,0,0,0,0,0,0,0,0,0,0,174.,0,0,0,0,0,0,0,0,0,0,0,0,0,0,0,0,0,0,32.,38.,0,0,0,0,0,0,87.,0,0,580.8000000000001,0,108.,0,0,0,0,367.,119.92,0,179.88,0
19,2.9496146763727005,0,0,110.,0,0,0,0,0,0,0,248.39,0,0,0,0,0,0,0,0,0,0,309.,0,0,0,0,220.,0,0,0,0,0,0,0,0,0,0,0,0,1.2,2.8,0,0,0,0,0,0,0,0,0,0,365.75,0,0,0,0,0,0,238.6,11.85,0,145.35,0
20,3.274110721947198,0,0,120.,0,0,0,0,0,0,0,81.,0,0,0,0,0,0,0,0,0,0,53.,0,0,0,0,235.,0,0,0,0,0,0,0,0,0,0,0,0,0,0,0,0,0,0,0,0,0,0,0,0,150.4,0,0,0,0,0,0,673.8,22.5,0,0,16.5
20,3.261989361414853,0,0,120.,0,0,0,0,0,0,0,0,0,0,0,0,0.5,0,0,0,0,0,8.,0,0,0,0,0,0,0,0,0,31.8,0,0,0,0,0,0,0,0,0,0,0,0,1.,0,0,12.,602.,0,0,0,0,0,285.6,0,0,0,1069.6,0,0,19.,0
20,3.45038996428519,0,0,120.,0,0,0,0,0,0,0,0,0,0,0,0,0,0,0,0,0,0,400.2,0,0,0,0,500.,0,0,0,0,0,0,0,0,0,0,0,0,0,0,0,0,0,0,0,0,236.32,0,0,0,1224.,0,0,0,0,0,0,795.2,317.28000000000003,0,26.4,26.4
20,3.4802429274348707,0,0,120.,0,0,0,0,0.5,3.6,0,0,0,0,0,0,36.,0,0,0,0,0,13.,0,0,0,0,618.,0,0,0,0,0,0,0,0,0,0,0,0,0,0.5,0,0,0,0,0,10.,40.,42.,0,0,22.4,0,5.,8.,0,0,0,864.,3.6,0,0,10.8
16,3.9241743163708316,0,0,107.,0,0,0,0,0,0,0,3.,0,0,0,6682.5,0,0,0,0,0,0,0,0,0,0,0,0,0,0,0,0,0,0,0,0,0,0,0,0,2.,1.,0,0,0,0,0,0,0,0,0,0,0,0,0,0,0,0,432.,0,0,0,0,0
16,3.6343936072621292,0,0,107.,0,0,0,0,0,6.,0,0,0,0,0,0,616.,0,493.2,0,0,0,0,0,0,0,0,416.4,0,0,0,0,7.,0,0,0,0,0,0,0,0.5,0.5,0,0,0,25.,0,0,0,0,0,0,3.,0,0,0,0,0,0,252.,0,0,0,14.
16,2.915713124697019,0,0,107.,0,0,0,0,0,0,0,33.6,0,0,0,0,6.5,0,0,0,0,0,0,0,0,0,0,6.,0,6.5,0,0,0,0,0,0,0,0,0,0,69.3,29.7,0,0,0,28.8,0,0,0,0,0,0,0,0,0,0,0,0,0,1080.,0,0,0,0
16,2.592939732433968,0,0,107.,0,0,0,0,0,8.4,0,0,0,0,0,0,334.6,0,0,0,0,0,0,0,0,0,0,0,0,0,0,36.,0,0,0,0,0,0,0,0,0,0.5,0,0,0,8.,0,0,0,1.,0,0,0,0,2.,0,0,0,0,355.25,4.,0,0,0
16,3.859216420096059,0,0,107.,122.4,0,0,0,0,0,0,0,0,0,0,0,489.6,0,0,0,0,0,0,0,0,0,0,2177.5,0,0,0,0,0,0,0,0,0,0,0,0,0,0,0,0,0,258.,0,0,0,0,0,0,0,0,11.,1405.1,0,0,0,1430.,0,0,0,0
16,3.9672579025071433,0,0,107.,171.6,0,0,0,0,0,0,10.,0,0,0,0,0,0,0,6.4,0,0,9.6,0,0,0,0,110.,0,0,0,0,19.,0,0,0,0,0,0,0,0,0,0,0,0,928.8,0,0,0,0,0,0,70.,0,134.4,140.,0,0,0,70.,8.,0,0,0
16,3.3211782328051838,0,0,107.,10.,0,0,0,0,3.2,0,21.6,0,0,0,0,0,0,0,3.,0,0,129.5,0,0,0,0,82.8,0,0,0,0,0,0,0,0,0,0,0,0,0,0,0,0,0,0,0,0,0,12.,0,2.4,53.6,0,0,0,0,0,0,180.,23.,0,3.2,0
20,3.707300378070217,0,0,120.,0,0,0,0,0,0,0,0,0,0,0,0,0,0,0,0,0,0,25.,0,0,0,0,858.,0,0,0,0,0,0,0,0,0,0,0,0,0,1.,0,0,0,0,0,0,0,12.,0,35.,417.9,0,0,0,0,0,0,367.35,0,0,238.,0
20,3.6259547386162647,0,0,120.,0,0,0,0,0,0,0,8.,0,0,0,0,25.6,0,0,0,0,0,16.,0,0,0,0,20.,0,0,0,0,0,0,0,0,2.,0,0,0,0,1.5,24.,0,0,530.,0,1.,0,0,0,0,517.5,0,15.,40.,0,0,0,216.,27.8,0,89.6,0
20,3.2979213706409163,0,0,120.,0,0,0,0,0,462.,0,0,0,0,0,0,0,0,0,0,6.,0,35.6,0,0,0,0,8.,0,168.,0,0,5.,0,0,0,0,0,0,0,0,2.,26.4,0,0,0,0,0,0,0,0,0,636.,0,0,8.,0,0,0,35.,0,0,0,0
16,4.0482269650408105,0,0,107.,0,0,0,0,0,9.,0,947.,0,0,0,0,0,0,0,0,0,0,27.2,0,0,0,0,0,0,0,0,0,0,0,0,0,0,0,0,0,0,0,6.8,0,0,160.,0,0,0,12.,0,0,27.,0,441.,431.,0,0,1522.,1139.8,0,0,947.,0
15,3.0141531975102716,0,0,95.,0,0,0,0,0,0,0,0,0,0,0,0,0,0,0,0,0,0,0,0,0,0,0,170.1,0,0,0,0,13.,0,0,0,0,0,0,0,0,0,0,0,0,57.5,0,0,0,0,0,0,0,0,0,0,0,0,891.1,217.7,0,0,4.,0
15,2.381630638766761,0,0,95.,0,0,0,0,0,0,0,0,0,0,0,0,980.,0,0,0,0,0,2.,0,0,0,0,216.,0,0,0,0,0,0,0,0,0,0,0,0,0,0,0,0,0,0,0,0,0,0,0,0,0,0,0,157.,0,0,0,162.,0,0,0,0
15,3.4703906309918593,0,0,95.,0,34.7,0,0,0,359.9,145.6,485.8,0,0,0,0,141.5,0,0,0,0,0,0,0,0,0,0,0,0,0,0,0,0,0,0,0,0,0,0,0,297.,8.,0,0,0,0,0,0,0,0,0,0,0,0,0,431.4,0,0,4362.,34.7,0,12.,69.4,0
15,3.103765356199959,0,0,95.,0,0,0,0,0,0,182.4,0,0,0,0,0,0,0,0,0,0,0,3.,0,0,0,0,0,0,0,0,0,0,0,0,0,0,0,0,0,0,8.,0,0,0,2058.,0,0,0,0,0,0,0,0,4.,0,0,0,0,626.6,0,0,0,0
15,3.4299810926539824,0,0,95.,0,0,0,0,0,1945.,0,1.,0,0,0,0,0,0,0,0,0,0,4.,0,0,0,0,6.,0,0,0,0,4.,0,0,0,0,0,0,0,4.,13.,0,0,0,620.,0,0,0,0,0,0,0,0,5.,5.,0,0,0,502.,1.,0,67.2,0
15,2.767293119578746,0,0,95.,0,0,0,0,0,331.5,0,12.,0,0,0,0,0.5,0,0,0,0,0,2.,0,0,0,0,0,0,0,0,0,8.,0,0,0,0,0,0,0,0,0,0,0,0,22.,0,38.,0,0,0,0,0,0,0,0,0,0,0,154.,0,0,0,0
21,3.564800315462934,0,0,90.,21.6,0,0,0,0,21.4,0,3175.9,0,0,0,0,0,0,0,0,0,0,0,0,0,0,0,0,0,0,0,0,0,0,0,0,0,0,0,0,0.5,0,0,0,0,0,0,0,0,1.,0,0,0,0,249.05,0,0,0,0,33.9,0,0,3.6,0
21,3.2119789408401913,0,0,90.,644.,0,0,0,0,0,0,80.,0,0,0,0,0.5,0,0,0,0,0,0.5,0,0,0,0,6.,0,0,0,0,7.,0,0,0,0,0,0,0,0,0,0,0,0,1.,0,16.,0,0,0,0,0,0,110.,0,0,0,0,355.,0,0,0,0
21,3.398564896420604,0,0,90.,236.4,0,0,0,0,96.,0,672.,0,0,0,0,282.6,0,0,0,0,0,0,0,0,0,0,40.,0,0,0,0,2.,0,0,0,0,0,0,0,0,2.,0,0,0,1185.6000000000001,0,0,0,0,0,0,0,0,40.,0,0,0,0,1055.5,14.,0,96.,282.6
21,3.4802429274348707,0,0,90.,0,0,0,0,0,0,0,943.5,0,0,0,0,0,0,0,0,0,0,96.,0,0,0,0,572.,0,1360.,0,0,0,0,0,0,0,0,0,2.85,16.15,0,0,0,0,1600.,0,0,0,400.,0,0,0,0,745.25,0,0,0,272.,97.75,9.,0,0,0
21,2.806513832732027,0,0,90.,0,0,0,0,0,0,0,84.,0,0,0,0,0,0,0,0,0,0,0,0,0,0,0,0,0,0,0,0,8.,0,0,0,0,0,0,0,4.,7.,0,0,0,2.,0,0,0,66.,0,0,0,0,4.,0,0,4.,378.,406.,0,0,120.,0
21,2.7470904122612265,0,0,90.,0,0,0,0,0,0.5,0,975.,0,0,0,0,0,0,0,0,0,0,0,0,0,0,0,0,0,7.,0,0,7.,0,0,0,0,0,0,0,0,0,0,0,0,1.,0,0,0,0,0,0,0,0,0,0,0,0,0,328.,0,0,108.,0
21,3.5374013412748195,0,0,90.,0,0,0,0,0,0,0,1864.5,0,0,0,0,0,0,0,0,0,0,0,0,0,0,0,4.,0,0.5,0,0,0,0,0,0,0,0,0,0,0.5,2.,0,0,0,0,0,0,0,0,0,0,0,0,176.,0,0,0,0,584.5,2.,0,970.6,0
21,3.131936233166655,0,0,90.,0,0,0,0,0,0,0,1565.46,0,0,0,0,0,0,0,0,0,0,0,0,0,0,0,0,0,0,0,0,24.,0,0,0,0,0,0,0,0,2.,0,0,0,3.,0,0,0,0,0,0,0,0,448.,0,2.,0,0,313.,0,0,1138.9,0
21,3.5826579328629404,0,0,90.,0,0,0,0,0,10.85,21.7,0,0,0,0,0,1950.15,0,0,0,0,0,0,0,0,0,0,1.,0,0,0,0,7.,0,0,0,0,0,0,0,0,1.,0,0,0,0,0,0,0,0,0,0,0,0,85.,2.,0,0,0,366.,103.85,0,1386.9,0
21,3.5374013412748195,0,0,90.,22.,0,0,0,0,0,0,49.2,0,0,0,0,0,0,0,0,0,0,0,0,0,0,0,4.,0,0,0,0,24.,0,0,0,0,0,0,0,0,0,0,0,0,0,0,0,0,0,0,0,0,0,220.,0,1.,0,0,3117.7,0,0,79.3,0
25,3.642761856932646,0,0,87.,9.,0,0,0,0,483.5,0,0,0,0,0,0,0,0,0,0,0,0,0,0,0,0,0,3350.,0,0,0,0,0,0,0,0,0,0,6.,0.5,0,12.,0,0,0,182.,0,0,0,0,0,0,0,0,248.,907.2,0,0,0,840.,0,0,0,0
25,3.767924999886652,0,0,87.,0,0,0,0,0,9.,0,34.,0,0,0,0,351.5,0,0,0,0,0,8.,0,0,0,0,1152.,0,0,0,0,0,0,0,0,0,0,0,0,0,32.,0,0,0,110.,0,0,0,0,0,0,0,0,792.,15.,0,0,12.,1224.,6.,0,0,0
25,3.651060659747341,0,0,87.,0,0,0,0,0,0,0,442.8,0,0,0,0,0,0,0,0,0,0,11.,0,0,0,0,3080.,0,1.,0,0,0,0,0,0,0,0,0,0,0,3.,0,0,0,12.,0,0,0,0,0,0,0,0,498.2,0,0,0,0,140.,0,0,16.,0
28,3.6343936072621292,0,0,150.,0,0,0,0,0,92.,0,237.5,0,0,0,0,0,0,0,0,0,0,105.,10.,0,0,0,824.,712.,0,0,0,0.5,0,0,0,319.6,61.,60.,0,0,0,0,0,0,0,0,0,2.,82.,0,0,53.,0,9.,848.,0,0,6.,4523.,689.,0,24.5,0
28,3.8857080355430353,0,0,150.,0,0,0,0,0,2047.32,0,0,0,0,0,0,92.4,0,0,0,0,0,468.,0,0,0,0,990.,0,0,0,0,0,0,0,73.5,0,0,0,0,0,0,0,0,0,0,0,8.1,0,145.,0,0,30.,0,0,4160.,0,0,0,1767.,291.,0,0,507.12
28,3.804030004528768,0,0,150.,0,0,0,0,0,5.5,0,192.,0,0,0,0,77.,0,0,0,0,0,45.,120.,0,0,0,130.,0,39.1,39.9,0,0,0,0,0,0,0,0,0,0,0,0,0,30.,0,0,27.5,0,0,0,0,29.,0,130.,150.4,0,0,0,1859.2,896.,0,0,5.5
28,3.7380720367369706,0,0,150.,0,0,0,0,0,0,0,107.7,0,0,0,0,0,0,0,0,0,0,192.,3030.,0,0,0,1500.,0,0,0,0,4.,0,0,119.5,0,0,0,0,0,0,0,0,343.,0,0,6.,0,520.,0,0,24.,0,2.,5720.,0,0,0,138.,502.6,0,0,0
28,4.1782800932890085,0,0,150.,14.,0,0,0,0,0,322.8,2330.,0,0,0,0,14.,0,0,0,0,0,11.,0,0,0,0,1275.8,0,0,0,0,0,0,0,0,0,0,42.,0,0,5.,0,0,0,18.,0,0,0,0,0,0,8.,0,55.,5320.,0,0,1589.,312.,216.,0,0,0
28,4.123128273213928,0,0,150.,0,0,0,0,0,583.,0,1166.,0,0,0,0,0,0,0,0,0,0,33.,583.,0,0,0,2746.,0,75.,0,0,0,0,0,0,0,0,0,0,0,0,0,0,2307.,416.,0,180.,0,0,0,0,16.,0,0,25.,0,0,0,200.,0,0,0,583.
25,2.8806218048857493,0,0,87.,4.9,0,0,0,0,19.6,5.,0,0,0,0,0,0,0,0,0,0,0,0,0,0,0,0,935.,0,198.,0,0,0,6.,0,0,0,0,0,0,0,2.,0,0,0,0,0,0,0,0,0,0,0,0,70.2,0,0,0,0,148.5,0,0,33.65,5.
25,2.5688421808549076,0,0,87.,0,0,0,0,0,5.6,0,0,0,0,0,0,0,0,0,0,0.5,0,6.,0,0,0,0,648.,0,0,0,0,12.,0,0,0,0,0,0,0,0,0,0,0,0,0,0,0,0,36.,0,0,168.48,0,0,0,0,0,0,101.8,0,0,5.6,0
25,3.1593352073547694,0,0,87.,0,0,0.5,1.4,0,1.2225000000000001,0,0,0,0,0,0,0,0,0,0,1.,0,12.,0,0,0,0,1540.,0,8.557500000000001,0,0,0.5,0,0,0.5,0,0,0,0,0,0.5,3.,0,0,0,0,0,0,10.,0,0,165.2,0,11.,0.5,0,0,0,779.07,0,0,0,0
25,3.6994572006091913,0,0,87.,18.,0,0,0,0,0,0,11.7,0,0,0,0,0,0,0,0,0,0,4.8,0,0,0,0,1484.,0,6.7,0,0,3.,0,0,0,0,0,0,0,0,1.,3.2,0,0,1486.,0,0,0,0,0,0,0,0,14.,0,0,0,1.,2643.3,0,0,0,0
25,3.2860869129939134,0,0,87.,0,0,0,0,0,19.,0,4.8,0,0,0,0,0,0,0,0,0,0,25.,0,0,0,0,0,0,0,0,0,21.,0,0,0,0,0,0,0,0,1.,0,0,0,0,0,83.8,0,7.,0,0,4.,0,0,48.,0,184.,0,1642.,151.4,0,73.10000000000001,7.7
25,3.1860034544369307,0,0,87.,0,0,0,0,0,143.05,0,33.,0,150.55,0,0,0,0,0,0,0,0,3.,0,0,0,0,1092.,0,0,0,0,0,0,0,0,0,0,0,0,439.2,64.,0,0,0,0,0,0,0,0,0,0,16.,0,116.5,0,0,0,0,77.,19.6,0,97.1,26.
26,2.787095746874926,0,0,120.,0,0,0,0,0,0,0,0,0,0,0,0,0,0,0,0,0,0,6.,0,0,0,0,720.,0,0,0,0,0,0,0,0,0,0,0,0,0,0,0,0,0,0,0,0,0,0,0,0,263.,0,0,0,0,0,0,294.,0,0,134.,0
26,2.966143978323911,0,0,120.,0,0,0,9.,0,0.5,0,25.,0,0,0,0,0,0,0,0,0,0,0,0,0,0,0,1600.,0,0,0,0,0,0,0,0,0,0,0,0,285.2,0,0,0,0,0,0,0,0,0,0,0,0,0,0,0,0,0,0,277.2,15.,0,0,0
26,3.387869607303856,0,0,120.,0,0,0,0,0,1263.,0,867.,0,0,0,0,0,0,0,0,0,0,78.,0,0,0,0,110.,0,0,0,0,0,0,0,0,0,0,0,0,968.,1.2,0,0,0,0,0,0,0,8.,0,0,0,0,0,0,0,0,0,1470.,0,0,0,0
26,3.117949991191915,0,0,120.,0,0,0,0,0,76.5,0,20.,0,0,0,0,0,0,0,0,0,0,22.,0,0,0,0,850.,0,0,0,0,0,0,0,0,0,0,0,0,274.,0,0,0,0,0,0,0,0,0,0,0,60.,0,0,0,0,0,0,172.5,0,0,0,0
26,3.753109914101511,0,0,120.,0,0,0,0,0,8.,0,245.1,0,0,0,0,0,0,0,0,0,0,0,0,0,0,0,1338.,0,0,0,0,0,0,0,0,0,0,0,0,256.,5.,0,0,0,0,0,0,0,0,0,0,0,0,0,0,0,0,0,115.3,0,0,0,0
27,3.4899991023802355,0,0,113.,0.5,0,0,0,0,0,0,10.8,0,0,0,0,547.2,0,0,0,0,0,2.,0,0,0,0,2375.,0,0,0,0,0,0,0,0,0,0,0,0,7.2,1.8,0,0,0,0,0,0,0,369.,0,0,6.,0,0,0,0,0,168.,143.6,3.6,0,60.8,0
27,3.7897440472812916,0,0,113.,0,0,0,0,0,1377.,81.,4.8,0,0,0,0,0,0,0,0,0,0,0,0,0,0,0,30.,0,0,0,0,0,0,0,0,0,0,0,0,10.8,9.200000000000001,0,740.,0.5,0,0,0,0,0,0,0,0,0,5.,3.,0,0,18.,40.,3.2,0,162.,0
27,3.355079784480865,0,0,113.,0,0,0,0,0,1465.85,0,310.64,0,0,0,0,309.65000000000003,0,0,0,0,0,2.,0,0,0,0,0,0,0,0,0,0,0,0,0,0,0,0,0,0,0.5,0,0,0,0,0,0,0,8.,0,0,0,0,0,0,0,0,0,12.8,117.23,0,22.25,0
27,2.7264711250584908,0,0,113.,0,0,0,0,0,129.3,9.9,47.1,0,0,0,0,0,0,0,0,0,0,8.,0,0,0,0,580.,0,0,0,0,0,0,0,0,0,0,0,0,7.2,18.8,0,0,0,0,0,0,0,0,0,0,4.,0,0,0,0,0,0,45.,9.9,0,100.8,0
27,2.639459748068861,0,0,113.,0,0,0,0,0,0,0,0,0,0,0,0,0,0,0,0,0,0,31.,0,0,0,0,364.,0,0,0,0,1.,0,0,0,0,0,0,0,0,0,0,0,0,0,0,0,0,0,0,0,192.,0,0,0,0,0,0,247.8,14.6,0,8.76,0
27,3.103765356199959,0,0,113.,0,0,0,0,0,0,0,0,0,0,0,0,0,0,0,0,0,0,48.,0,0,0,0,790.,0,0,0,0,0,0,0,0,0,0,0,0,21.,7.,0,0,0,0,0,0,0,3.,0,0,0,0,0,0,0,0,0,683.7,0,0,0,0
22,3.45038996428519,0,0,149.,0,0,0,0,0,897.6,0,0,0,0,0,0,0,0,0,0,3.,0,0,0,0,0,0,407.,0,51.2,0,0,0,0,0,0,0,0,0,0.5,0,1.5,0,0,0,0,0,0,0,0,0,0,24.,0,18.,0,0,0,0,313.2,58.4,0,348.,0
22,3.2372967488244817,0,0,149.,0,0,0,0,0,298.8,0,0,0,0,0,0,0,0,0,0,0,0,1.,0,0,0,0,93.,0,0,0,0,0,0,0,0,0,0,0,0,0,2.,0,0,0,0,0,0,0,0,0,0,864.6,0,25.,0,0,0,0,255.6,102.4,0,84.8,0
22,3.3096174104041074,0,0,149.,0,0,0,0,0,0,0,317.2,0,0,0,0,0,0,0,0,0,0,13.,0,0,0,0,910.,0,0,0,0,1.,0,0,0,0,0,0,0,0,4.,0,0,0,0,0,0,1.,0,0,0,956.,0,8.,0,0,0,0,393.6,34.,0,252.27,0
22,3.8250834137266003,0,0,149.,0,0,0,0,0,275.2,0,4.8,0,0,0,0,0,0,0,4.,0,0,79.4,0,0,0,0,963.,0,0,0,0,1.,0,0,0,0,0,0,0,0,1.,0,0,0,177.6,0,0,15.,0,0,0,253.,0,100.8,0,0,0,112.4,611.,98.2,0,226.2,0
22,3.845702700929336,0,0,149.,0,0,0,0,0,1533.1,0,5.,0,0,0,0,730.87,0,0,0,0,0,10.,0,0,0,0,954.,0,0,0,0,0,0,0,0,0,0,0,0,0,0,0,0,0,0,0,3.,0,0,0,0,8.,0,0,960.,0,0,0,1412.,4.9,0,0,0
22,3.528098948612506,0,0,149.,1.6,0,0,0,48.,0,0,0,0,0,0,0,0,0,0,0,0,0,560.,0,0,0,0,160.,0,0,0,0,0.5,0,0,0,0,0,0,0,0,2.,0,0,0,4.8,49.,0.8,0.8,0,0,0,1004.4,0,42.9,0,0,0,108.,903.2,177.8,0,0,9.6
22,3.9490203149573624,0,0,149.,0,0,0,0,0,387.6,0,1162.8,0,0,0,0,0,0,0,0,0,0,0,0,0,0,0,56.,0,28.8,0,0,40.,0,0,0,0,0,0,0,0,6.,0,0,0,0,0,9.25,0,0,0,0,25.,0,9.,9.,0,0,0,4105.,6.25,0,0.5,37.5
18,3.6755516797556367,0,0,96.,0,0,95.,0,0,0,0,223.2,8.,0,0,0,0,0,0,0,0,0,0,0,0,0,0,1860.,0,0,0,0,3.,0,0,0,0,0,0,0,0,9.,0,0,0,0,0,20.,0,0,0,0,0,0,0,0,0,0,0,655.5,0,0,0,0
18,3.6088603052569646,0,0,96.,0,0,0,0,0,116.,0,13.,0,0,0,0,41.,0,0,0,0,0,0,0,0,0,0,54.,0,0,0,27.,5.,0,0,0,0,0,0,0,0,2.5,0,0,0,0,0,0,0,0,0,0,0,0,45.,0,0,0,0,1728.9,0,0,0,0
18,3.1860034544369307,0,0,96.,0,0,0,0,0,2.2,8.8,11.,0,0,0,0,0,0,0,0,0,0,15.,0,0,0,0,1050.,0,0,0,0,0,0,0,0,0,0,0,0,0,5.,0,0,0,0,0,0,0,20.,0,0,35.,0,0,0,0,0,0,1030.,0,0,0,0
18,3.3096174104041074,0,0,96.,0,0,0,0,0,0,0,0,0,0,0,0,0,0,0,47.04,0,0,70.56,0,0,0,0,373.,0,0,0,6.,6.,0,0,0,0,0,0,0,0,0,0,0,0,151.,16.,0,0,0.5,0,0,52.,0,0,0,0,0,0,687.2,0,0,64.,0
18,2.7470904122612265,0,0,96.,0,0,0,0,0,0.5,0,7.,0,0,0,0,15.,0,0,0,0,0,7.,0,0,0,0,625.,0,0,0,0,2.,0,0,0,0,0,0,0,0,9.5,0,0,0,0,0,0,0,0,0,0,65.,0,85.8,0,0,0,0,138.20000000000002,0,0,36.,0
18,2.9328075580563193,0,0,96.,18.,0,0,0,0,77.,0,0,0,0,0,0,2.,0,0,0,0,0,89.,0,0,0,0,1067.5,0,0,0,0,0,0,0,0,0,0,0,0,0,0,0,0,0,0,0,0,0,3.,0,15.,84.,0,0,0,0,0,0,60.,0,0,0,0
24,3.8986952310698464,0,0,175.,0,0,0,0,0,6.,0,931.,0,0,0,0,0,0,0,0,0,0,270.8,0,0,0,0,1755.,0,0,0,0,2.,0,0,0,0,0,8.,0,0,4.,0,0,0,0,0,0,0,378.,0,0,217.,0,0,1168.,0,0,0,3211.,627.,0,1027.5,0
24,3.8320038565711743,0,0,175.,91.8,0,0,0,8.,0,0,0,0,0,0,0,0,0,0,307.2,27.,0,58.8,0,0,0,0,56.,0,0.5,0,0,0,0,0,3.,0,0,0,0,0,0.5,0,0,0,240.,0,0,4.,16.,0,0,530.,0,2.,0,0,0,0,0,271.6,0,1692.6,0.5
24,4.014325413365129,0,0,175.,331.45,0,0,0,0,0,0,0,0,0,0,0,0,0,0,0,0,0,203.2,0,0,0,0,2600.,0,38.,0,0,3.,0,0,51.,0,0,0,0,0,0,0,0,0,888.,0,0,36.6,392.,0,0,204.,0,29.,5.,0,0,0,60.,116.,0,548.15,0
24,3.518709208262667,0,0,175.,0,0,0,0,0.5,174.,0,8.2,0,0,0,0,0,0,0,0,0,0,96.,0,0,0,0,956.,0,529.6,0,0,0,0,0,2.7,0,27.,0,0,0,0,0,0,10.,0,0,75.,0,4.,0,0,324.,0,0,0,0,0,17.,33.,25.1,0,49.7,0
24,4.30200748581691,0,0,175.,59.4,0,0,0,0,216.,0,28.9,0,0,0,0,0,0,0,6.,6.,0,1848.,95.9,0,0,0,3.,0,7.2,0.5,0,3.,0,0,0,0,0,0,0,0,0,0,0,0,191.,0,0,3.,22.,0,6.,1766.8,0,52.,806.,0,0,0,841.5,346.,0,0,0.5
24,4.168476093192387,0,0,175.,0,0,0,0,0,787.68,0,280.,0,0,0,0,0,0,0,0,0,0,960.,0,0,0,0,250.,0,115.5,0,0,0.5,0,0,0,0,0,0,0,0,3.,0,0,0,33.,0,0,0,8.,0,0,0,0,506.,1500.,0,0,5.,381.5,654.5,0,0,0
24,4.102294186311086,0,0,175.,0,0,0,0,0,1937.6,4.48,121.8,0,0,0,0,0,0,0,4.,0,0,36.,0,0,0,0,904.,0,356.,0,0,0,0,0,0,0,0,0,0,0,0,0,0,0,14.,0,0,0.5,0,0,0,531.,0,0,599.4,0,0,0,26.2,85.12,0,0,52.4
23,3.0141531975102716,0,0,127.,0,0,0,0,0,0,0,0,0,0,0,0,0,0,0,2.,1.,0,37.,0,0,0,0,912.,0,0,0,0,16.,0,0,0,0,0,0,0,0,0,0,0,0,0,0,19.1,1.6,60.,0,0,410.,0,0,0,0,0,0,38.4,5.4,0,10.,0
23,2.8806218048857493,0,0,127.,0,0,0,0,0,0,0,0,0,0,0,0,0,0,0,0,4.,0,29.,0,0,314.1,0,264.,0,0,0,0,1.,0,0,0,0,0,0,0,0,0,0,0,0,0,0,0,7.,0,0,0,407.4,0,0,78.,0,0,0,50.,4.9,0,0,0
23,3.518709208262667,0,0,127.,0,0,0,0,0,32.7,0,16.6,0,0,0,0,0,0,0,0,0,0,4.,0,0,0,0,2020.,0,0,0,0,6.,0,0,0,0,0,0,0,0,0.5,0,0,0,0,0,0,0,0,0,0,568.8000000000001,0,0,0,0,0,0,12.,0,0,7.7,0
23,3.261989361414853,0,0,127.,0,0,0,0,0,0,0,195.6,0,0,0,0,0,0,0,7.5,0,0,26.5,0,0,0,0,108.,0,0,0,0,21.,0,0,0,0,0,0,0,0,0,0,0,0,0,0,0.5,5.,15.,0,0,340.2,0,0,0,0,0,0,5.,99.6,0,0,0
23,2.9496146763727005,0,0,127.,0,0,0,0,0,2.8,0,5.6,0,0,0,0,0,0,0,0,2.4,0,1.6,0,0,0,0,1184.,0,0,0,0,1.,0,0,0,0,0,0,0,0,0.5,0,0,0,0,0,0,3.8,25.,0,0,129.76,0,0,0,0,0,0,151.8,20.3,0,0.7,0
23,3.117949991191915,0,0,127.,0,0,0,0,0,0,0,649.2,0.5,0,0,0,0,0,0,0,0,0,0,0,0,0,0,0,0,0,0,0,15.,0,0,0,0,0,0,0,0,2.,0,0,0,25.,0,0,0,0,0,0,0,0,45.,0,0,0,0,65.,0,0,1106.,0
23,2.767293119578746,0,0,127.,0,0,0,0,0,0,0,1371.5,0,0,0,0,0,0,0,0,0,0,5.,0,0,0,0,0,0,0,0,0,0,0,0,0,0,0,0,0,0,0,0,0,0,0,0,7.,0,8.,0,0,0,7.,0,0,0,186.,0,151.20000000000002,0,0,544.,0
23,2.6839115106396947,0,0,127.,0,0,0,0,0,0,44.,2.,0,0,0,0,0,0,0,0,0,0,0,0,0,0,0,1120.,0,0,0,0,0,0,0,0,0,0,0,0,0,0,0,0,0,0,0,0,0,0,0,0,0,0,2.,0,0,0,0,176.,0,0,0,0
17,3.7228045646061823,0,0,106.,0,0,0,0,0,0,0,523.,0,0,0,0,0,0,0,0,0,0,0,0,0,0,0,3775.,0,0,0,56.,1.,0,0,0,0,0,0,0,9.,1.,0,0,0,0,0,0,0,0,0,0,0,0,554.,0,0,0,0,494.4,0,0,0,0
17,2.806513832732027,0,0,106.,0,0,0,0,0,0,0,289.8,0,0,0,0,0,0,0,0,0,0,15.,0,0,0,0,600.,0,0,0,0,0,0,0,0,0,0,0,0,2.,2.,0,0,0,0,0,0,0,114.,0,0,6.,0,10.,0,0,0,0,83.,47.,0,172.2,0
17,3.892222716564229,0,0,106.,320.5,0,0,0,0,0,0,2004.1,0,0,0,0,0,0,0,0,0,0,0,0,0,0,0,25.,0,0,0,0,0,0,0,0,0,0,0,0,0,2.,0,0,0,0,0,0,0,0,0,0,0,0,4680.,36.,0,0,0,780.,0,586.4,1301.,0
17,2.915713124697019,0,0,106.,0,0,0,0,0,0,0,382.,0,0,0,0,0,0,0,0,0,0,55.,0,0,0,0,1410.,0,0,0,0,0,0,0,0,0,0,0,0,0,0,0,0,0,0,0,0,0,3.,0,0,5.,0,0,0,0,0,0,1966.9,0,0,0,0
17,3.145729555298991,0,0,106.,0,0,0,0,0,0,0,52.4,0,0,0,0,5.8,0,0,0,0,75.,0,0,0,0,0,795.,0,0,0,0,0,0,0,0,0,0,0,0,0,0,0,0,0,0,0,0,0,8.,0,0,0,0,0,0,0,0,0,1171.2,0.5,0,11.8,0
17,3.2372967488244817,0,0,106.,15.,0,0,0,0,0,0,0,0,0,0,0,0,0,0,0,0,0,0,0,0,0,0,0,0,26.,0,0,5.,0,0,0,0,0,0,0,0,6.,1.,0,0,490.,0,0,84.,168.,0,0,80.,0,7.,27.5,0,0,0,139.20000000000002,237.6,0,109.2,97.2
17,3.4899991023802355,0,0,106.,0,0,0,0,0,0,0,35.,0,0,0,0,0,0,0,0,0,0,12.,0,0,0,0,3798.,0,0,0,0,0,0,0,0,0,0,0,0,0,6.,0,0,0,714.,0,0,0,0,0,0,0,0,10.,69.,0,0,208.,1574.,8.,0,21.,0
17,3.5737689854456947,0,0,106.,0,0,0,0,0,168.,1008.,0,0,0,0,0,655.32,0,0,0,0,0,16.,0,0,0,0,6.,0,0,0,0,0,0,0,0,0,0,0,0,0,17.,0,0,0,0,0,0,0,25.,0,0,239.2,0,18.,0,0,0,0,1732.,84.,0,168.,0
17,2.639459748068861,0,0,106.,0,0,0,0,0,0,0,0,0,0,0,0,0,0,0,0,0,0,140.,0,0,0,0,0,0,0,0,0,0,0,0,0,0,0,0,0,0,1.,0,0,0,0,0,0,0,100.,0,0,279.2,0,0,0,0,0,0,514.,24.,0,12.,0
17,2.806513832732027,0,0,106.,0,0,0,0,0,0,0,5.4,0,0,0,0,0,0,0,0,0,0,0.5,0,0,0,0,420.,0,0,0,0,3.,0,0,0,0,0,0,0,156.,1.,0,0,0,104.,0,0,0,42.,0,0,0,0,0,0,0,0,0,121.5,2.7,0,15.,0